name,brewery
小麦のビール,銀河高原ビール
アンバースワンエール,スワンレイクビール
ポーター,スワンレイクビール
ゴールデンスワンレイクエール,スワンレイクビール
感謝エール,スワンレイクビール
B-IPA,スワンレイクビール
越乃米こしひかり仕込みビール,スワンレイクビール
ホワイトスワンヴァイツェン,スワンレイクビール
スワンレイクIPA,スワンレイクビール
フラワリーIPA,スワンレイクビール
クリスタルエール,スワンレイクビール
アガノセゾン,スワンレイクビール
ミエルブラン,スワンレイクビール
スワンレイクバーレイ,スワンレイクビール
ストロベリーダークセゾン,スワンレイクビール
バーレイ バレルエイジド,スワンレイクビール
インペリアルパンプキンエール,スワンレイクビール
インペリアルスタウト,スワンレイクビール
インペリアルスタウト バレルエイジド,スワンレイクビール
バベルズ,スワンレイクビール
ニイガタジャパネスク,スワンレイクビール
ニイガタジャパネスク バレルエイジド,スワンレイクビール
よなよなエール,ヤッホーブルーイング
インドの青鬼,ヤッホーブルーイング
水曜日のネコ,ヤッホーブルーイング
東京ブラック,ヤッホーブルーイング
僕ビール君ビール,ヤッホーブルーイング
サンサンオーガニック,ヤッホーブルーイング
ハレの日仙人 2020,ヤッホーブルーイング
バレルフカミダス Batch No.55 バーレイワイン,ヤッホーブルーイング
前略 好みなんて 聞いてないぜ SORRY 其ノ四 セッション柚子エール ～あら塩仕立て～,ヤッホーブルーイング
山の上ニューイ,ヤッホーブルーイング
クラフトザウルス ペールエール,ヤッホーブルーイング
クラフトザウルス ブラックIPA,ヤッホーブルーイング
クラフトザウルス ブリュットIPA,ヤッホーブルーイング
ワイルドフォレスト,ヤッホーブルーイング
ナショナルトラスト,ヤッホーブルーイング
2021年限定 セッションIPA,ヤッホーブルーイング
金しゃちビール アルト,金しゃちビール
金しゃちビール ピルスナー,金しゃちビール
金しゃちビール 名古屋赤味噌ラガー,金しゃちビール
金しゃちビール IPA,金しゃちビール
金しゃちビール プラチナエール,金しゃちビール
ミツボシビール ピルスナー,金しゃちビール
ミツボシビール ペールエール,金しゃちビール
ミツボシビール ウィンナースタイルラガー,金しゃちビール
ミツボシビール ヴァイツェン,金しゃちビール
SPRING VALLEY 豊潤＜496＞,スプリングバレーブルワリー
SPRING VALLEY After dark,スプリングバレーブルワリー
SPRING VALLEY on the cloud,スプリングバレーブルワリー
SPRING VALLEY Daydream,スプリングバレーブルワリー
SPRING VALLEY JAZZBERRY,スプリングバレーブルワリー
東京ブロンド,Far Yeast Brewing
東京ホワイト,Far Yeast Brewing
東京IPA,Far Yeast Brewing
馨和 KAGUA Blanc,Far Yeast Brewing
馨和 KAGUA Rouge,Far Yeast Brewing
馨和 KAGUA Saison,Far Yeast Brewing
Hops and Dreams,Far Yeast Brewing
Cyclocross Mocha IPA,Far Yeast Brewing
Mango Supercollider,Far Yeast Brewing
Framboise D’Été,Far Yeast Brewing
Event Horizon,Far Yeast Brewing
Perfect TEN,Far Yeast Brewing
Kriek in the Barrel,Far Yeast Brewing
Percinnamon,Far Yeast Brewing
Traverse,Far Yeast Brewing
Ume-kin’ Me Crazy!,Far Yeast Brewing
Saigon Fervor,Far Yeast Brewing
Oath of the peach garden,Far Yeast Brewing
Aspire to Grapeness,Far Yeast Brewing
Funkeys,Far Yeast Brewing
Ginspiration,Far Yeast Brewing
小樽麦酒 オタルエール,HOKKAIDO BREWING
小樽麦酒 オタルダーク,HOKKAIDO BREWING
小樽麦酒 オタルラガー,HOKKAIDO BREWING
小樽麦酒 ピルスナー,HOKKAIDO BREWING
小樽麦酒 アンバーエール,HOKKAIDO BREWING
ペアラガー,HOKKAIDO BREWING
レモンラガー,HOKKAIDO BREWING
ハニーアップルエール,HOKKAIDO BREWING
チェリー&ベリーエール,HOKKAIDO BREWING
メロンエール,HOKKAIDO BREWING
ナイアガラエール,HOKKAIDO BREWING
ピーチホワイトエール,HOKKAIDO BREWING
軽井沢 香りのクラフト 柚子,軽井沢ブルワリー
清涼飛泉プレミアム,軽井沢ブルワリー
プレミアム・クリア,軽井沢ブルワリー
プレミアム・ダーク,軽井沢ブルワリー
桜花爛漫プレミアム,軽井沢ブルワリー
高原の錦秋,軽井沢ブルワリー
冬紀行プレミアム,軽井沢ブルワリー
クリア,軽井沢ブルワリー
ダーク,軽井沢ブルワリー
黒ビール (ブラック),軽井沢ブルワリー
白ビール (ヴァイス),軽井沢ブルワリー
赤ビール (アルト),軽井沢ブルワリー
軽井沢エール ＜エクセラン＞,軽井沢ブルワリー
流氷ドラフト,網走ビール
網走ホワイトエール,網走ビール
桜桃の雫,網走ビール
知床ドラフト,網走ビール
網走ゴールデンエール,網走ビール
網走プレミアム,網走ビール
監極の黒,網走ビール
ピルスナー,横浜ビール
ヴァイツェン,横浜ビール
アルト,横浜ビール
ペールエール,横浜ビール
横浜ラガー,横浜ビール
道志の湧水仕込,横浜ビール
横浜ラガー 缶,横浜ビール
横浜ウィート 缶,横浜ビール
TOKYO CRAFT ペールエール,サントリー
TOKYO CRAFT フルーティーエール,サントリー
TOKYO CRAFT 香ばしI.P.A,サントリー
HUB CRAFT SESSION IPA,HUB
ゴールデンエール,サンクトガーレン
エンバーエール,サンクトガーレン
ブラウンポーター,サンクトガーレン
ペールエール,サンクトガーレン
YOKOHAMA XPA,サンクトガーレン
黒糖スイートスタウト,サンクトガーレン
スイートバニラスタウト,サンクトガーレン
湘南ゴールド,サンクトガーレン
パイナップルエール,サンクトガーレン
アップルシナモンエール,サンクトガーレン
エル ディアブロ,サンクトガーレン
インペリアルチョコレートスタウト,サンクトガーレン
オレンジチョコレートスタウト,サンクトガーレン
感謝ビール ＜金＞,サンクトガーレン
感謝ビール ＜黒＞,サンクトガーレン
柏はじめIPA ～ふくら雀～,こまいぬブルワリー
将門ビール,こまいぬブルワリー
手賀沼ポーター,こまいぬブルワリー
こまいぬエール,こまいぬブルワリー
ペールエール,こまいぬブルワリー
白樺ヴァイツェン,こまいぬブルワリー
そのべイチゴエール,こまいぬブルワリー
ラードラー,こまいぬブルワリー
シングルテイクセッションエール,BAIRD BREWING
ウィートキングウィット,BAIRD BREWING
修善寺ヘリテッジヘレス,BAIRD BREWING
沼津ラガー,BAIRD BREWING
ライジングサンペールエール,BAIRD BREWING
わびさびジャパンペールエール,BAIRD BREWING
レッドローズアンバーエール,BAIRD BREWING
アングリーボーイブラウンエール,BAIRD BREWING
帝国IPA,BAIRD BREWING
スルガベイインペリアルIPA,BAIRD BREWING
島国スタウト,BAIRD BREWING
黒船ポーター,BAIRD BREWING
オラホビール ゴールデンエール,OH!LA!HO BEER
オラホビール アンバーエール,OH!LA!HO BEER
オラホビール ヌーベルセゾン,OH!LA!HO BEER
キャプテンクロウ エクストラペールエール,OH!LA!HO BEER
雷電カンヌキ IPA,OH!LA!HO BEER
ピエール・ド・雷電季節仕込みビール,OH!LA!HO BEER
毬花 -Marihana-,COEDO
瑠璃 -Ruri-,COEDO
白 -Shiro-,COEDO
伽羅 -Kyara-,COEDO
漆黒 -Shikkoku-,COEDO
紅赤 -Beniaka-,COEDO
道後ビール ケルシュ,道後ビール
道後ビール アルト,道後ビール
道後ビール スタウト,道後ビール
道後ビール ヴァイツェン,道後ビール
とべ動物園 道後ビール ピースラベル,道後ビール
大人のチョコミント,HOPPIN' GARAGE
リスボンの坂道,HOPPIN' GARAGE
IGUSA,HOPPIN' GARAGE
おつかれ山ビール,HOPPIN' GARAGE
Dandelion,HOPPIN' GARAGE
ホッピンおじさんのビール,HOPPIN' GARAGE
ピルスナー,エチゴビール
プレミアムレッドエール,エチゴビール
エレガントブロンド,エチゴビール
スタウト,エチゴビール
こしひかり越後ビール,エチゴビール
FLYING IPA,エチゴビール
のんびりふんわり白ビー,エチゴビールル
にっこりほっこりブラウンエール,エチゴビール
ラズベリーチョコレートケーキスタウト,エチゴビール
潤いホップの惚れ惚れエール,エチゴビール
ホップが躍る晴れ晴れエール,エチゴビール
有機栽培プレミアムビール,エチゴビール
無ろ過ヴァイツェン,エチゴビール
PALE ALE,伊勢角屋麦酒
HIME WHITE,伊勢角屋麦酒
HAZY IPA,伊勢角屋麦酒
IPA,伊勢角屋麦酒
XPA,伊勢角屋麦酒
Neko Nihiki (ねこにひき),伊勢角屋麦酒
ISE PILSNER (伊勢ピルスナー),伊勢角屋麦酒
KAGURA BEER (神楽麦酒),伊勢角屋麦酒
SINTO BEER,伊勢角屋麦酒
KUMANOKODO BEER,伊勢角屋麦酒
ホップスパークリング,伊勢角屋麦酒
DHCラガービール,DHCビール
DHCゴールデンマイスター,DHCビール
DHCプレミアム リッチエール,DHCビール
DHCベルジャンホワイト,DHCビール
DHCセッションIPA,DHCビール
Calms,OGA BREWING
瓦IPA,OGA BREWING
KOKUBUNJI HAZY IPA,OGA BREWING
グッド・バイ,OGA BREWING
雨露霜雪,OGA BREWING
1969BEER,OGA BREWING
三鷹ペールエール,OGA BREWING
三鷹ウィートエール,OGA BREWING
KICHIJOJI IPA,OGA BREWING
常陸野ネストラガー,常陸野ネストビール
セゾン・ドゥ・ジャポン,常陸野ネストビール
ホワイトエール,常陸野ネストビール
ペールエール,常陸野ネストビール
ヴァイツェン,常陸野ネストビール
レッドライスエール,常陸野ネストビール
ジャパニーズ・クラシック・エール,常陸野ネストビール
アンバーエール,常陸野ネストビール
だいだいエール,常陸野ネストビール
エスプレッソスタウト,常陸野ネストビール
ノン・エール,常陸野ネストビール
ニッポニア,常陸野ネストビール
TOKYO BLUES シングルホップウィート,多摩の恵
TOKYO BLUES ゴールデンエール,多摩の恵
TOKYO BLUES セッションエール,多摩の恵
OSAKA BAY BLUES,白雪ビール
KYOTO CLASSIC,黄桜
京都麦酒 京都IPA,黄桜
京都麦酒 ケルシュ,黄桜
京都麦酒 アルト,黄桜
京都麦酒 蔵のかほり,黄桜
京都麦酒 山田錦,黄桜
京都麦酒 ペールエール,黄桜
京都麦酒 ブラウンエール,黄桜
京都麦酒 ゴールドエール,黄桜
京都麦酒 ブロンドエール,黄桜
LUCKY TIGER,黄桜
LUCKY CHICKEN,黄桜
LUCKY DOG,黄桜
LUCKY CAT,黄桜
ホワイトナイル,黄桜
ブルーナイル,黄桜
ルビーナイル,黄桜
悪魔のビール アメリカンブラックエール,黄桜
悪魔のビール レッドセッションIPA,黄桜
Japanese Spirit ペールエール,黄桜
For your Dream ゴールデンエール,黄桜
抹茶 発泡酒,黄桜
丹波の黒豆,黄桜
ビアショコラ,黄桜
京都麦味 抹茶,黄桜
ピルス,富士桜高原麦酒
ヴァイツェン,富士桜高原麦酒
ラオホ,富士桜高原麦酒
シュヴァルツヴァイツェン,富士桜高原麦酒
天使のレッドエール,ヘリオスクラフトビール
シークヮーサーホワイトエール,ヘリオスクラフトビール
星空のポーター,ヘリオスクラフトビール
ゴーヤーDRY,ヘリオスクラフトビール
青い空と海のビール,ヘリオスクラフトビール
ASOBI PALE ALE,かけはしブルーイング
遠野雪華 HOPPY WEIZEN,遠野麦酒ZUMONA
いつかホップ畑で会いましょう,遠野麦酒ZUMONA
TONO BEER C58 239 STRAWBERRY STOUT,遠野麦酒ZUMONA
Fresh Hop Harvest,遠野麦酒ZUMONA
遠野の華,遠野麦酒ZUMONA
フレッシュホップピルスナー,遠野麦酒ZUMONA
BEYOND CLOUDS,遠野麦酒ZUMONA
TONO “IBUKI” HOP IPA,遠野麦酒ZUMONA
ZUMONA ヴァイツェン,遠野麦酒ZUMONA
ZUMONA アルト,遠野麦酒ZUMONA
ZUMONA ゴールデンピルスナー,遠野麦酒ZUMONA
TONO BEER C58 239 HAZY IPA,遠野麦酒ZUMONA
TONO BEER C58 239 GOALEN ALE,遠野麦酒ZUMONA
ホップ農家と醸造家が奏でるSESSION IPA,遠野麦酒ZUMONA
遠野のホップ農家から～IBUKI HOP SAISON～,遠野麦酒ZUMONA
復活日本 再醗酵 ヴァイツェン,遠野麦酒ZUMONA
復活日本 再醗酵 ゴールデンピルスナー,遠野麦酒ZUMONA
復活日本 再醗酵 アルト,遠野麦酒ZUMONA
ONE AND ONLY TONO LAGER,遠野麦酒ZUMONA
川場ビール IPA,川場ビール
川場ビール 雪ほたかピルスナー,川場ビール
川場ビール カワバエール,川場ビール
川場ビール ヴァイツェン,川場ビール
金沢百万石ビール ペールエール,白山わくわくビール
金沢百万石ビール コシヒカリエール,白山わくわくビール
金沢百万石ビール ダークエール,白山わくわくビール
金沢百万石ビール IPA,白山わくわくビール
グランアグリ 小麦のビール,白山わくわくビール
グランアグリ ひゃくまん穀BEER,白山わくわくビール
金沢駅BEER ハトムギエール,白山わくわくビール
北陸BEER アンバーエール,白山わくわくビール
Craft Beer レモンビール,白山わくわくビール
ゆずびぃる,白山わくわくビール
志賀高原ペールエール,志賀高原ビール
志賀高原IPA,志賀高原ビール
志賀高原ポーター,志賀高原ビール
Miyama Blonde,志賀高原ビール
Indian Summer Saison,志賀高原ビール
Africa PaleAle,志賀高原ビール
Baby Blonde Miyama,志賀高原ビール
House Ipa,志賀高原ビール
其の十 / NO.10 IPA,志賀高原ビール
ジャーマンラガー,SCHMATZ
ヴァイツェン,SCHMATZ
IPA,SCHMATZ
ケセラセラ ハニービール,不知火海浪漫麦酒
ケセラセラ あしきた黒糖浪漫,不知火海浪漫麦酒
ソレイユ ヴァイツェン,不知火海浪漫麦酒
カルメン アンバーエール,不知火海浪漫麦酒
BAYALE,六甲ビール
BROWN ALE,六甲ビール
PORTER,六甲ビール
いきがり,六甲ビール
スサノオIPA,六甲ビール
熟,六甲ビール
カシス,六甲ビール
WEST COAST SESSION IPA,六甲ビール
WHITE DAIDAI ALE,六甲ビール
SAISON,六甲ビール
HAZY SESSION IPA,六甲ビール
長浜エール,長濱浪漫ビール
伊吹バイツェン,長濱浪漫ビール
淡海ピルスナー,長濱浪漫ビール
長浜 IPA special,長濱浪漫ビール
銀河鉄道999 メーテルのヴァイツェン,ヘリオス酒造 沢内醸造所
銀河鉄道999 車掌さんの黒ビール,ヘリオス酒造 沢内醸造所
ハロー！もりのどうぶつビール,ヘリオス酒造 沢内醸造所
椀子麦酒,ヘリオス酒造 沢内醸造所
ユキノチカラ白ビール,ヘリオス酒造 沢内醸造所
ユキノチカラペールエール,ヘリオス酒造 沢内醸造所
ユキノチカラケルシュ,ヘリオス酒造 沢内醸造所
ホワイトエール,HEIWA CRAFT
ペールエール,HEIWA CRAFT
レッドエール,HEIWA CRAFT
サワーエール,HEIWA CRAFT
IPA,HEIWA CRAFT
チョコレート独歩,地ビール独歩・倉敷麦酒
ホワイトチョコレート独歩,地ビール独歩・倉敷麦酒
ピルスナー,地ビール独歩・倉敷麦酒
デュンケル,地ビール独歩・倉敷麦酒
シュバルツ,地ビール独歩・倉敷麦酒
ゼロ独歩,地ビール独歩・倉敷麦酒
ベルジャンダークストロングエール,地ビール独歩・倉敷麦酒
マスカットピルス,地ビール独歩・倉敷麦酒
雄町米ラガービール,地ビール独歩・倉敷麦酒
スパークリングロゼ さくら旅情,地ビール独歩・倉敷麦酒
ゆず独歩,地ビール独歩・倉敷麦酒
インペリアル・エール,地ビール独歩・倉敷麦酒
アニバーサーリー,地ビール独歩・倉敷麦酒
肉に合うビール,地ビール独歩・倉敷麦酒
ウナギに合う黒ビール,地ビール独歩・倉敷麦酒
牡蠣に合う白ビール,地ビール独歩・倉敷麦酒
スパークリングビール,地ビール独歩・倉敷麦酒
ピーチピルス,地ビール独歩・倉敷麦酒
ピルスナー,ナギサビール
ヘヴン,ナギサビール
アイパッチスタウト,ナギサビール
アンバーエール,ナギサビール
IPA,ナギサビール
ペールエール,ナギサビール
ゴールデンエール,ナギサビール
みかんエール,ナギサビール
アメリカンウィート,ナギサビール
ベルジャンウィート,ナギサビール
ベルジャンウィートデュンケル,ナギサビール
ベルジャンエール,ナギサビール
ヴァイツェン,ナギサビール
デュンケルヴァイツェン,ナギサビール
ピルス,御殿場高原ビール
シュバルツ,御殿場高原ビール
ヴァイツェン,御殿場高原ビール
御殿場コシヒカリラガー,御殿場高原ビール
ヴァイツェンボック,御殿場高原ビール
BERRY PORTER Strong,MARCA BREWING
BLACK IPA,MARCA BREWING
GOLDEN ALE,MARCA BREWING
PALE ALE,MARCA BREWING
BELGIAN WHITE,MARCA BREWING
HAZY IPA,MARCA BREWING
BERRY SHAKE IPA,MARCA BREWING
COFFEE AMBER,MARCA BREWING
MAITAKE BRUT IPA,MARCA BREWING
大正ゴールド,MARCA BREWING
JOY JUICE VER.2,AJB Co.
PIRO'S DREAM,AJB Co.
KING KONG KNEE DROP,AJB Co.
ICY DOUBLE,AJB Co.
峠越え,AJB Co.
BREAD,AJB Co.
NOZAWA WHITE,AJB Co.
NOZAWA BLACK,AJB Co.
NOZAWA IPA,AJB Co.
RYE IPA,AJB Co.
BRIGHT DAYS,AJB Co.
BREAD BARREL AGED BARLEY WINE,AJB Co.
COMPASS SESSION ALE,AJB Co.
LORAL PILS,AJB Co.
NECTARINE SOUR,AJB Co.
SON OF A PLUM,AJB Co.
ピルスナー,箕面ビール
スタウト,箕面ビール
ペールエール,箕面ビール
ヴァイツェン,箕面ビール
W-IPA,箕面ビール
ビリケンビール,箕面ビール
おさるIPA,箕面ビール
ボスざる,箕面ビール
国産桃ヴァイツェン,箕面ビール
ゆずホ和イト,箕面ビール
こざるIPA,箕面ビール
Oyamada Berries(カベルネフラン),箕面ビール
Oyamada Berries (デラウェア),箕面ビール
GOD FATHER 9,箕面ビール
GOD FATHER 10,箕面ビール
インペリアルスタウト,箕面ビール
バレルエイジド インペリアルスタウト,箕面ビール
桃の紅茶のアンバーエール,箕面ビール
Bright Saison,箕面ビール
COFFEE IPA,箕面ビール
彩田一 (サイダハジメ),箕面ビール
猿山鹿男 (サルヤマシカオ),箕面ビール
バレルエイジW-IPA,箕面ビール
Pilsner,猪苗代ビール
Weizen,猪苗代ビール
Golden Angel,猪苗代ビール
Brown Weizen,猪苗代ビール
Rauch,猪苗代ビール
ブロンド,霧島高原ビール
ガーネット,霧島高原ビール
ケルシュ,霧島高原ビール
IPA,霧島高原ビール
縁結麦酒スタウト,ビアへるん
ヴァイツェン,ビアへるん
ペールエール,ビアへるん
ピルスナー,ビアへるん
ゆずフレッシュ,ビアへるん
レモンヴァイツェン,ビアへるん
しんじ湖MOON,ビアへるん
ゴールデン・スパークリング,ビアへるん
しんじ湖夕陽ビール,ビアへるん
ゼウスビター,ビアへるん
ショコラNo.７,ビアへるん
おろち,ビアへるん
ピルスナー,あわぢびーる
レッドエール,あわぢびーる
ヴァイツェン,あわぢびーる
アルト,あわぢびーる
ペールエール,あわぢびーる
島レモン,あわぢびーる
しらかば,諏訪浪漫ビール
りんどう,諏訪浪漫ビール
くろゆり,諏訪浪漫ビール
オリジナルエール,諏訪浪漫ビール
ウィートエール,諏訪浪漫ビール
IPA,諏訪浪漫ビール
レッドエール,諏訪浪漫ビール
七味唐からしBEER,諏訪浪漫ビール
ケルシュ,大沼ビール
アルト,大沼ビール
インディア・ペールエール,大沼ビール
スタウト,大沼ビール
Pilsner,みちのく福島路ビール
Weizen,みちのく福島路ビール
Red Ale,みちのく福島路ビール
米麦酒,みちのく福島路ビール
桃のラガー,みちのく福島路ビール
林檎のラガー,みちのく福島路ビール
Peach Ale,みちのく福島路ビール
Dunkel,みちのく福島路ビール
空知ピルスナー,滝川クラフトビール工房
空知エール,滝川クラフトビール工房
空知ヴァイツェン,滝川クラフトビール工房
りんご＆ドライ,滝川クラフトビール工房
ピルスナー,月山ビール
ミュンヒナー,月山ビール
